{"Mean_distance":1.7508929,"Std_distance":0.28690955,"K":3,"Lr":0.01,"N":82,"Centroid":[19.875143,19.902704,19.942144,19.885073,19.988665,20.064133,20.043772,20.043783,20.078457,20.069561],"M2_distance":6.667684}