{
  "Mean_distance": 24.992716,
  "Std_distance": 3.972792,
  "K": 3,
  "Lr": 0.01,
  "N": 172,
  "Centroid": [
    54.938305, 55.080925, 55.13023, 55.1729, 55.29134, 55.182743, 55.21931,
    55.3514, 55.335125, 55.29983
  ],
  "M2_distance": 2698.906
}
