{
  "Mean_distance": 8.222324,
  "Std_distance": 1.0301156,
  "K": 3,
  "Lr": 0.01,
  "N": 18,
  "Centroid": [
    19.975555, 19.665, 19.876667, 19.785, 19.73611, 19.420555, 19.895554,
    19.908886, 20.31222, 20.167778
  ],
  "M2_distance": 18.039349
}
