{
  "Mean_distance": 2.4517384,
  "Std_distance": 1.1470268,
  "K": 3,
  "Lr": 0.01,
  "N": 99,
  "Centroid": [
    22.128895, 22.153944, 22.1798, 22.206062, 22.232222, 22.259092, 22.286467,
    22.31101, 22.332325, 22.352732
  ],
  "M2_distance": 128.9357
}
