{"Mean_distance":2.5153627,"Std_distance":3.2011812,"K":3,"Lr":0.01,"N":1271,"Centroid":[11.730834,11.728074,11.723509,11.71862,11.713783,11.708603,11.703516,11.699701,11.695583,11.690806],"M2_distance":13014.402}