{
  "Mean_distance": 2.5116882,
  "Std_distance": 3.2000082,
  "K": 3,
  "Lr": 0.01,
  "N": 1273,
  "Centroid": [
    11.729423, 11.727448, 11.723148, 11.718419, 11.713741, 11.708618, 11.703586,
    11.700136, 11.69628, 11.691553
  ],
  "M2_distance": 13025.346
}
