{"Mean_distance":6.840448,"Std_distance":2.3152685,"K":1,"Lr":0.01,"N":34,"Centroid":[18.215755,19.768114,17.755686,19.747993,19.714823,19.848904,18.455967,17.372274,18.103518,18.836908],"M2_distance":176.89545}