{"Mean_distance":14.139267,"Std_distance":6.5136185,"K":3,"Lr":0.01,"N":94,"Centroid":[15.436884,15.518304,15.287162,15.359327,15.189476,15.232653,14.9808,14.796789,14.798751,14.750528],"M2_distance":3945.732}