{"Mean_distance":5.8484917,"Std_distance":1.9388931,"K":1,"Lr":0.01,"N":20,"Centroid":[20.223742,19.794773,19.90072,19.4737,19.768444,19.923038,19.735674,19.559292,19.429514,18.870478],"M2_distance":71.42682}